id;uid;code;created;updated;key;namespace;encrypted
1;Account syn;standardization Sports JSON;2022-11-20T03:43:23;2022-11-20T02:07:02;attitude;Shoes out-of-the-box;false
2;copy Bedfor;Home Bacon Car;2022-11-19T20:43:10;2022-11-20T13:19:11;Electronics;Soft;false
3;blue Soap;encoding generate;2022-11-20T17:54:38;2022-11-20T13:51:57;e-business Rustic;parsing Iraqi;true
4;Brand;Senior Soft Shoes;2022-11-20T07:39:27;2022-11-20T12:39:48;Global connecting;Texas Handcrafted;false
5;evolve Incr;Loan generation Pizza;2022-11-20T04:17:55;2022-11-20T14:25:16;Concrete Implemented JSON;front-end Mission;false
6;bandwidth-m;teal Configurable Keyboard;2022-11-20T15:38:22;2022-11-20T10:58:55;Account leverage fault-tolerant;Berkshire Factors Regional;true
7;Practical T;strategize;2022-11-20T18:50:01;2022-11-20T12:19:03;Illinois SCSI;National functionalities;true
8;collaborati;Generic auxiliary FTP;2022-11-20T09:29:59;2022-11-20T19:11:37;Rustic frame;customized;false
9;Directives ;experiences Specialist Keyboard;2022-11-20T10:23:10;2022-11-20T16:20:15;ROI Bypass portals;Producer reinvent Somoni;true
10;compress;JSON;2022-11-20T11:54:47;2022-11-19T22:06:21;Florida SDD;back-end Courts;false
