id;uid;code;name;created;updated;description;sortorder
1;PCI Gloves ;Forward Future-proofed;Haven Strategist Heights;2022-11-20T02:53:11;2022-11-20T01:20:35;Shoes Kenya;45590
2;neural Bosn;cutting-edge 24/7;e-business;2022-11-20T01:04:05;2022-11-20T11:20:33;Overpass Managed;35871
3;bypassing;Wisconsin;Macao;2022-11-20T12:06:48;2022-11-20T03:35:02;Shoes South collaborative;60158
4;Health Acco;visionary Computer efficient;back-end;2022-11-20T10:23:03;2022-11-20T05:45:38;pixel Dominican;70655
5;cultivate L;architect Chair;Chair Granite;2022-11-20T13:11:59;2022-11-20T03:01:28;state invoice;3942
6;Virtual;primary Barthelemy;dedicated;2022-11-20T03:29:44;2022-11-20T04:58:22;Djibouti Applications needs-based;67935
7;Account Rus;withdrawal embrace Buckinghamshire;Infrastructure embrace;2022-11-20T20:35:19;2022-11-20T13:31:48;data-warehouse;51303
8;e-business;Chicken;1080p;2022-11-20T02:50:44;2022-11-19T23:56:15;Pizza;92398
9;transform h;Harbors transmit;Berkshire Tuna;2022-11-20T02:11:17;2022-11-20T10:39:24;1080p Tactics Bedfordshire;13688
10;US CSS;mobile lime;Account primary repurpose;2022-11-20T06:51:45;2022-11-19T21:08:58;moderator;18728
