id;uid;code;name;created;updated;description;program;program_stage
1;seamless up;Intelligent Steel;Intranet pricing;2022-11-20T05:39:19;2022-11-20T09:29:03;payment Greece;Outdoors;Rubber Arizona
2;indigo;Fresh Soft Concrete;HTTP Rustic;2022-11-20T12:17:06;2022-11-20T04:00:13;Shoes Metal SMS;deliver Buckinghamshire;Bedfordshire Sleek Keyboard
3;Application;regional payment;Avon Pants Rubber;2022-11-20T11:16:41;2022-11-20T15:25:08;Bedfordshire;matrix Organized;Island
4;US Security;Nevada withdrawal;HTTP Borders;2022-11-20T06:05:02;2022-11-20T17:38:26;Sharable;Expressway Zimbabwe West;Bike
5;XML;Virtual virtual Sports;Chips disintermediate Rubber;2022-11-20T07:47:15;2022-11-20T02:38:59;leverage Checking Developer;Mexico (Bouvetoya);Auto
6;Quality Ria;Planner;composite;2022-11-20T18:51:09;2022-11-20T11:18:50;Avon implementation Officer;PCI Points Liaison;white microchip Garden
7;Buckinghams;mobile;panel National;2022-11-20T04:21:05;2022-11-20T11:28:49;Darussalam;Solutions;Louisiana
8;Bedfordshir;Pizza convergence;virtual Soft generate;2022-11-20T15:46:22;2022-11-19T21:15:20;Chair;Facilitator;Toys
9;Plastic;Loan bluetooth e-business;Awesome maroon Gorgeous;2022-11-20T05:40:58;2022-11-20T06:29:08;Soap Australia;Director Heights;Facilitator
10;invoice Car;Down-sized;AI back Cotton;2022-11-20T01:25:34;2022-11-20T15:34:36;Bahraini e-business;Station;Lodge
