id;uid;code;created;updated;formname;description;key;invertedkey;deleted;relationshiptypeid
1;Strategist ;Computers mesh SDD;2022-11-20T18:06:10;2022-11-20T09:47:26;hack;niches reintermediate;Avon JBOD driver;visionary;true;1
2;sensor quan;Senior invoice;2022-11-20T08:34:20;2022-11-19T20:48:46;Cambridgeshire;Program;Prairie;Vision-oriented Louisiana Bridge;false;2
3;Throughway ;web-readiness;2022-11-20T07:00:25;2022-11-19T20:52:05;Organized Borders;tangible;invoice hacking;alarm bandwidth;false;3
4;Toys Ergono;Hat;2022-11-20T05:15:40;2022-11-19T20:50:04;online;Automotive;primary Lead Global;Pakistan Cambridgeshire Generic;true;4
5;clear-think;Data;2022-11-20T11:32:47;2022-11-19T21:43:01;Keys Tools;incentivize Handcrafted;target Bedfordshire;PNG;false;5
6;orchid impa;Fresh;2022-11-19T22:52:26;2022-11-19T23:53:11;HDD white Interactions;Central Center cross-platform;Creative 1080p Bermuda;withdrawal invoice York;true;6
7;eco-centric;Handcrafted relationships PNG;2022-11-19T22:02:26;2022-11-20T06:38:48;1080p Account;Avon Hampshire;Crossroad Islands improvement;alarm Baby;false;7
8;hack;Illinois;2022-11-19T23:16:04;2022-11-20T03:59:52;Licensed Mission Cross-platform;Franc Chair;Soft;Versatile;true;8
9;deliverable;Managed Ball;2022-11-20T06:14:57;2022-11-19T21:19:36;microchip Outdoors Cotton;aggregate generate;North;deposit Marketing;false;9
10;Multi-later;override;2022-11-20T18:59:43;2022-11-20T10:09:57;South;aggregate parsing;Fresh;online;true;10
