id;uid;code;name;created;updated;description;sortorder;enrollmentstatus
1;Wells firew;Licensed;Account;2022-11-20T09:47:10;2022-11-20T17:55:03;24/7;69872;SCHEDULE
2;Granite Ste;Intelligent web;Secured;2022-11-20T16:36:21;2022-11-20T11:33:06;Ethiopian;72626;ACTIVE
3;Senior Comp;Fords;magenta Fantastic XML;2022-11-20T05:41:43;2022-11-20T20:35:34;Polarised withdrawal;53689;CANCELLED
4;Steel incub;Borders access;Industrial;2022-11-20T01:53:43;2022-11-20T13:23:08;Ports Lead;52365;OVERDUE
5;Ergonomic M;Bedfordshire;generation;2022-11-20T11:36:12;2022-11-20T03:51:43;feed;96374;REVIEWED
6;Table CSS L;Accountability;Lead;2022-11-20T03:25:39;2022-11-20T09:56:29;neural metrics;24260;COMPLETED
7;Maryland Co;Guinea-Bissau Innovative;synergies Underpass;2022-11-19T23:52:17;2022-11-20T13:20:22;Utah Maine Security;439;REVIEWED
8;Kansas;Buckinghamshire;Checking Books;2022-11-20T07:47:02;2022-11-20T16:21:59;program Supervisor Monitored;22843;COMPLETED
9;cyan Cambri;Small;CSS ivory;2022-11-20T08:59:51;2022-11-20T13:20:51;Indiana niches Denar;43146;APPROVED
10;Internation;XSS index;Virtual Garden Handcrafted;2022-11-20T05:11:07;2022-11-20T07:00:32;Frozen olive;93762;APPROVED
