id;created;updated;createdby;trackedentityinstanceid;programid;organisationunitid
1;2022-11-20T15:03:46;2022-11-20T10:55:33;Concrete Specialist;1;1;1
2;2022-11-20T19:35:13;2022-11-19T22:06:52;groupware Concrete 4th;2;2;2
3;2022-11-20T16:30:52;2022-11-20T07:32:29;monitor array Sleek;3;3;3
4;2022-11-20T20:27:56;2022-11-20T10:24:35;Avon;4;4;4
5;2022-11-20T02:59:04;2022-11-20T05:09:33;Delaware Rubber;5;5;5
6;2022-11-19T20:52:05;2022-11-20T08:05:11;primary;6;6;6
7;2022-11-20T00:40:02;2022-11-20T09:44:50;Practical Bangladesh yellow;7;7;7
8;2022-11-20T07:25:14;2022-11-20T13:06:37;lavender Lead;8;8;8
9;2022-11-20T02:56:59;2022-11-20T12:27:53;communities deliverables deposit;9;9;9
10;2022-11-20T12:51:58;2022-11-20T19:29:45;Massachusetts Ranch;10;10;10
